"Part";"Value";"Device";"Package";"Description";"CATEGORY";"DESCRIPTION";"FORWARD_CURRENT";"MANUFACTURER";"MF";"MPN";"OC_FARNELL";"OC_NEWARK";"OPERATING_TEMP";"PART_STATUS";"POPULARITY";"PROD_ID";"RATING";"REVERSE_VOLTAGE";"ROHS_COMPLIANT";"SERIES";"SUB-CATEGORY";"THERMALLOSS";"TOLERANCE";"TYPE";"VALUE";"VOLTAGE_RATING";"ZENER_VOLTAGE";
"ATSAMD21";"ATSAMD21TQFP";"ATSAMD21TQFP";"TQFP32-08";"8-bit AVR Microcontroller with 32K Bytes In-System Programmable Flash";"IC_Embedded";"";"";"Microchip";"";"ATmega328P";"";"";"-40 to 85 Â°C";"Active";"";"";"";"";"";"";"Microcontroller";"";"";"";"";"";"";
"C1";"100nF";"C_CHIP-0603(1608-METRIC)";"CAPC1608X85";"Capacitor - Generic";"Capacitor";"";"";"";"";"";"";"";"";"";"";"";"";"";"";"";"";"";"";"";"";"";"";
"C2";"100nF";"C_CHIP-0603(1608-METRIC)";"CAPC1608X85";"Capacitor - Generic";"Capacitor";"";"";"";"";"";"";"";"";"";"";"";"";"";"";"";"";"";"";"";"";"";"";
"C3";"100nF";"C_CHIP-0603(1608-METRIC)";"CAPC1608X85";"Capacitor - Generic";"Capacitor";"";"";"";"";"";"";"";"";"";"";"";"";"";"";"";"";"";"";"";"";"";"";
"C5";"10uF";"C_CHIP-0603(1608-METRIC)";"CAPC1608X85";"Capacitor - Generic";"Capacitor";"";"";"";"";"";"";"";"";"";"";"";"";"";"";"";"";"";"";"";"";"";"";
"C7";"1uF";"C_CHIP-0603(1608-METRIC)";"CAPC1608X85";"Capacitor - Generic";"Capacitor";"";"";"";"";"";"";"";"";"";"";"";"";"";"";"";"";"";"";"";"";"";"";
"C8";"10uF";"C_CHIP-0603(1608-METRIC)";"CAPC1608X85";"Capacitor - Generic";"Capacitor";"";"";"";"";"";"";"";"";"";"";"";"";"";"";"";"";"";"";"";"";"";"";
"D1";"SCHOTTKY_MBR0520LT1GDO-219-AB(SOD123F)";"SCHOTTKY_MBR0520LT1GDO-219-AB(SOD123F)";"SODFL3718X115";"Schottky Diode - Popular parts";"Diode";"DIODE SCHOTTKY 20V 500MA SOD123";"";"ON Semiconductor";"";"MBR0520LT1G";"";"";"";"";"";"";"";"";"";"";"Schottky";"";"";"";"";"";"";
"D2";"SCHOTTKY_MBR0520LT1GDO-219-AB(SOD123F)";"SCHOTTKY_MBR0520LT1GDO-219-AB(SOD123F)";"SODFL3718X115";"Schottky Diode - Popular parts";"Diode";"DIODE SCHOTTKY 20V 500MA SOD123";"";"ON Semiconductor";"";"MBR0520LT1G";"";"";"";"";"";"";"";"";"";"";"Schottky";"";"";"";"";"";"";
"D3";"SCHOTTKY_MBR0520LT1GDO-219-AB(SOD123F)";"SCHOTTKY_MBR0520LT1GDO-219-AB(SOD123F)";"SODFL3718X115";"Schottky Diode - Popular parts";"Diode";"DIODE SCHOTTKY 20V 500MA SOD123";"";"ON Semiconductor";"";"MBR0520LT1G";"";"";"";"";"";"";"";"";"";"";"Schottky";"";"";"";"";"";"";
"IC1";"MCP73831/OT";"MCP73831/OT";"SOT23-5L";"MCP73831/2";"";"";"";"";"";"";"";"";"";"";"";"";"";"";"";"";"";"";"";"";"";"";"";
"LED1";"";"LEDCHIP-LED0603";"CHIP-LED0603";"LED";"";"";"";"";"";"";"";"";"";"";"";"";"";"";"";"";"";"";"";"";"";"";"";
"LED2";"";"LEDCHIP-LED0603";"CHIP-LED0603";"LED";"";"";"";"";"";"";"";"";"";"";"";"";"";"";"";"";"";"";"";"";"";"";"";
"LED3";"";"LEDCHIP-LED0603";"CHIP-LED0603";"LED";"";"";"";"";"";"";"";"";"";"";"";"";"";"";"";"";"";"";"";"";"";"";"";
"LED8";"";"LEDCHIP-LED0603";"CHIP-LED0603";"LED";"";"";"";"";"";"";"";"";"";"";"";"";"";"";"";"";"";"";"";"";"";"";"";
"R1";"470";"R_CHIP-0603(1608-METRIC)";"RESC1608X60";"Resistor Fixed - Generic";"Resistor";"";"";"";"";"";"";"";"";"";"";"";"";"";"";"";"Fixed";"";"";"";"";"";"";
"R2";"100";"R_CHIP-0603(1608-METRIC)";"RESC1608X60";"Resistor Fixed - Generic";"Resistor";"";"";"";"";"";"";"";"";"";"";"";"";"";"";"";"Fixed";"";"";"";"";"";"";
"R3";"2.2k";"R_CHIP-0603(1608-METRIC)";"RESC1608X60";"Resistor Fixed - Generic";"Resistor";"";"";"";"";"";"";"";"";"";"";"";"";"";"";"";"Fixed";"";"";"";"";"";"";
"R4";"100";"R_CHIP-0603(1608-METRIC)";"RESC1608X60";"Resistor Fixed - Generic";"Resistor";"";"";"";"";"";"";"";"";"";"";"";"";"";"";"";"Fixed";"";"";"";"";"";"";
"R5";"12k";"R_CHIP-0603(1608-METRIC)";"RESC1608X60";"Resistor Fixed - Generic";"Resistor";"";"";"";"";"";"";"";"";"";"";"";"";"";"";"";"Fixed";"";"";"";"";"";"";
"R6";"470";"R_CHIP-0603(1608-METRIC)";"RESC1608X60";"Resistor Fixed - Generic";"Resistor";"";"";"";"";"";"";"";"";"";"";"";"";"";"";"";"Fixed";"";"";"";"";"";"";
"R7";"470";"R_CHIP-0603(1608-METRIC)";"RESC1608X60";"Resistor Fixed - Generic";"Resistor";"";"";"";"";"";"";"";"";"";"";"";"";"";"";"";"Fixed";"";"";"";"";"";"";
"R8";"10k";"R_CHIP-0603(1608-METRIC)";"RESC1608X60";"Resistor Fixed - Generic";"Resistor";"";"";"";"";"";"";"";"";"";"";"";"";"";"";"";"Fixed";"";"";"";"";"";"";
"R9";"10k";"R_CHIP-0603(1608-METRIC)";"RESC1608X60";"Resistor Fixed - Generic";"Resistor";"";"";"";"";"";"";"";"";"";"";"";"";"";"";"";"Fixed";"";"";"";"";"";"";
"R10";"1k";"R_CHIP-0603(1608-METRIC)";"RESC1608X60";"Resistor Fixed - Generic";"Resistor";"";"";"";"";"";"";"";"";"";"";"";"";"";"";"";"Fixed";"";"";"";"";"";"";
"R11";"1k";"R_CHIP-0603(1608-METRIC)";"RESC1608X60";"Resistor Fixed - Generic";"Resistor";"";"";"";"";"";"";"";"";"";"";"";"";"";"";"";"Fixed";"";"";"";"";"";"";
"R12";"470";"R_CHIP-0603(1608-METRIC)";"RESC1608X60";"Resistor Fixed - Generic";"Resistor";"";"";"";"";"";"";"";"";"";"";"";"";"";"";"";"Fixed";"";"";"";"";"";"";
"R13";"2.7k";"R_CHIP-0603(1608-METRIC)";"RESC1608X60";"Resistor Fixed - Generic";"Resistor";"";"";"";"";"";"";"";"";"";"";"";"";"";"";"";"Fixed";"";"";"";"";"";"";
"R14";"1M";"R_CHIP-0603(1608-METRIC)";"RESC1608X60";"Resistor Fixed - Generic";"Resistor";"";"";"";"";"";"";"";"";"";"";"";"";"";"";"";"Fixed";"";"";"";"";"";"";
"R15";"1M";"R_CHIP-0603(1608-METRIC)";"RESC1608X60";"Resistor Fixed - Generic";"Resistor";"";"";"";"";"";"";"";"";"";"";"";"";"";"";"";"Fixed";"";"";"";"";"";"";
"RTC";"DS3231M";"DS3231M";"SO08";"DS3231M Real Time Clock";"";"";"";"";"";"";"";"";"";"";"";"IC-11985";"";"";"";"";"";"";"";"";"";"";"";
"SW1";"SPST_TACT-KMR2";"SPST_TACT-KMR2";"KMR2";"SMT 6mm switch, EVQQ2 series";"";"";"";"";"";"";"";"";"";"";"";"";"";"";"";"";"";"";"";"";"";"";"";
"U$1";"AP9221";"AP9221";"AP9221_FOOTPRINT";"";"";"";"";"";"";"";"";"";"";"";"";"";"";"";"";"";"";"";"";"";"";"";"";
"U$2";"MOLEX_MICRO_USB";"MOLEX_MICRO_USB";"MOLEX_MICRO_USB";"";"";"";"";"";"";"";"";"";"";"";"";"";"";"";"";"";"";"";"";"";"";"";"";
"U$3";"AP2112";"AP2112";"SOT-25";"";"";"";"";"";"";"";"";"";"";"";"";"";"";"";"";"";"";"";"";"";"";"";"";
"U$4";"LIR2450H";"LIR2450H";"BC-2005";"";"";"";"";"";"";"";"";"";"";"";"";"";"";"";"";"";"";"";"";"";"";"";"";
"U$5";"TP_SMALL_6_DEVICE";"TP_SMALL_6_DEVICE";"TP_SMALL_6";"";"";"";"";"";"";"";"";"";"";"";"";"";"";"";"";"";"";"";"";"";"";"";"";
"U$6";"SMALL_MICRO_SD";"SMALL_MICRO_SD";"MICRO_SD_SMALL";"";"";"";"";"";"";"";"";"";"";"";"";"";"";"";"";"";"";"";"";"";"";"";"";
"U$7";"TP_2";"TP_2";"TP_2";"";"";"";"";"";"";"";"";"";"";"";"";"";"";"";"";"";"";"";"";"";"";"";"";
"U$8";"TP_SMALL_4_DEVICE";"TP_SMALL_4_DEVICE";"TP_SMALL_4";"";"";"";"";"";"";"";"";"";"";"";"";"";"";"";"";"";"";"";"";"";"";"";"";
"U$9";"TP_2";"TP_2";"TP_2";"";"";"";"";"";"";"";"";"";"";"";"";"";"";"";"";"";"";"";"";"";"";"";"";
"U$10";"SINGLE-SMD";"SINGLE-SMD";"SINGLE-SMD";"";"";"";"";"";"";"";"";"";"";"";"";"";"";"";"";"";"";"";"";"";"";"";"";
"U1";"WS2812";"WS2812"";"LED-TRICOLOR-5050-IC";"WS2812 RGB LED w/ WS2811 driver";"";"";"";"";"";"";"";"";"";"";"";"DIO-11598";"";"";"";"";"";"";"";"";"WS2812";"";"";
"X2";"";"F09D";"F09D";"SUB-D";"";"";"";"";"";"";"unknown";"unknown";"";"";"4";"";"";"";"";"";"";"";"";"";"";"";"";
